robotica-ifrn-sc-conectores-atx24-rh.fzp,new,,,,robotica-ifrn-sc-conectores_atx24_right_angle_breadboard.svg,new,,robotica-ifrn-sc-conectores_atx24-1_schematic.svg,new,,robotica-ifrn-sc-conectores_atx24_right_angle_pcb.svg,new,,"ATX24","<h3>ATX24 Pin Power Supply Connector - Right Angle PTH Mount</h3>
<p>This is a good connector for connecting a computer power supply to a PCB. It's massive, but provides many amps of power at 5V and 12V.</p>
<p>SparkFun Products:
<ul><li><a href=”https://www.sparkfun.com/products/12867”>SparkFun Benchtop Power Board Kit</a></li>
<li><a href=”https://www.sparkfun.com/products/10618”>SparkFun Power Driver Shield Kit</a></li>
</ul></p>",atx24,"package:atx24_right_angle
variant:rh","ATX24
RH
ATX24_RIGHT_ANGLE",
robotica-ifrn-sc-conectores-db9-female.fzp,new,,,,robotica-ifrn-sc-conectores_db9_breadboard.svg,new,,robotica-ifrn-sc-conectores_f09g_schematic.svg,new,,robotica-ifrn-sc-conectores_db9_pcb.svg,new,,"Here is the female version connector we sell at SparkFun:","<h3>DB9 Connector</h3>
Standard DB9 (D-Sub 9) serial connector. Can be used for CAN bus as well as RS485 and RS232. Footprint production proven.

<p></p>
<b>Here is the female version connector we sell at SparkFun:</b>
<ul>
<li><a href=""https://www.sparkfun.com/products/429""> 9 Pin Female Serial Connector - PCB Mount</a> (PRT-00429)</li>
</ul>

<p></p>
<b>This connector has been used on the following SparkFun products:</b>
<ul>
<li><a href=""https://www.sparkfun.com/products/449"">SparkFun RS232 Shifter - SMD</a> (PRT-00449)</li>
<li><a href=""https://www.sparkfun.com/products/8780""> SparkFun RS232 Shifter SMD (No DB9)</a> (PRT-08780)</li>
</ul>",db9,"package:db9
variant:female","DB9
FEMALE",
robotica-ifrn-sc-conectores-db9-male.fzp,new,,,,robotica-ifrn-sc-conectores_db9_male_breadboard.svg,new,,robotica-ifrn-sc-conectores_f09g_schematic.svg,new,,robotica-ifrn-sc-conectores_db9_male_pcb.svg,new,,"Here is the female version connector we sell at SparkFun:","<h3>DB9 Connector</h3>
Standard DB9 (D-Sub 9) serial connector. Can be used for CAN bus as well as RS485 and RS232. Footprint production proven.

<p></p>
<b>Here is the female version connector we sell at SparkFun:</b>
<ul>
<li><a href=""https://www.sparkfun.com/products/429""> 9 Pin Female Serial Connector - PCB Mount</a> (PRT-00429)</li>
</ul>

<p></p>
<b>This connector has been used on the following SparkFun products:</b>
<ul>
<li><a href=""https://www.sparkfun.com/products/449"">SparkFun RS232 Shifter - SMD</a> (PRT-00449)</li>
<li><a href=""https://www.sparkfun.com/products/8780""> SparkFun RS232 Shifter SMD (No DB9)</a> (PRT-08780)</li>
</ul>",db9,"package:db9_male
variant:male","DB9
DB9_MALE
MALE",
robotica-ifrn-sc-conectores-power_jack-smd.fzp,new,,,,robotica-ifrn-sc-conectores_power_jack_smd_breadboard.svg,new,,robotica-ifrn-sc-conectores_powerjack_schematic.svg,new,,robotica-ifrn-sc-conectores_power_jack_smd_pcb.svg,new,,"Here are the connectors we sell at SparkFun:","<h3>Power Jack Connector</h3>
This is the standard 5.5mm barrel jack for power.<br>
The PTH is the most common, proven, reliable, footprint.<br>
The Slot footprint only works if the mill layer is transmitted to the PCB fab house so be warned.<br>

<p></p>
<b>Here are the connectors we sell at SparkFun:</b>
<ul>
<li><a href=""https://www.sparkfun.com/products/119"">DC Barrel Power Jack/Connector</a> (PRT-00119)</li>
<li><a href=""https://www.sparkfun.com/products/12748"">DC Barrel Power Jack/Connector (SMD)</a> (PRT-12748)</li>
<li><a href=""https://www.sparkfun.com/products/10811"">DC Barrel Jack Adapter - Breadboard Compatible</a> (PRT-10811)</li>
</ul>

<p></p>
<b>It is used on this SparkFun product (and many, many others):</b>
<ul>
<li><a href=""https://www.sparkfun.com/products/12757"">SparkFun RedBoard - Programmed with Arduino</a> (DEV-12757)</li>
</ul>

<p></p>
<b>Also, if you need a mating power supply or connector, please check these out:</b>
<ul>
<li><a href=""https://www.sparkfun.com/products/298"">Wall Adapter Power Supply - 9VDC 650mA</a> (TOL-00298)</li>
<li><a href=""https://www.sparkfun.com/products/10287"">DC Barrel Jack Adapter - Male</a> (PRT-10287)</li>
</ul>",power_jack,"package:power_jack_smd
variant:smd","SMD
POWER_JACK_SMD
POWER_JACK",
robotica-ifrn-sc-conectores-power_jack-slt.fzp,new,,,,robotica-ifrn-sc-conectores_power_jack_slot_breadboard.svg,new,,robotica-ifrn-sc-conectores_powerjack_schematic.svg,new,,robotica-ifrn-sc-conectores_power_jack_slot_pcb.svg,new,,"Here are the connectors we sell at SparkFun:","<h3>Power Jack Connector</h3>
This is the standard 5.5mm barrel jack for power.<br>
The PTH is the most common, proven, reliable, footprint.<br>
The Slot footprint only works if the mill layer is transmitted to the PCB fab house so be warned.<br>

<p></p>
<b>Here are the connectors we sell at SparkFun:</b>
<ul>
<li><a href=""https://www.sparkfun.com/products/119"">DC Barrel Power Jack/Connector</a> (PRT-00119)</li>
<li><a href=""https://www.sparkfun.com/products/12748"">DC Barrel Power Jack/Connector (SMD)</a> (PRT-12748)</li>
<li><a href=""https://www.sparkfun.com/products/10811"">DC Barrel Jack Adapter - Breadboard Compatible</a> (PRT-10811)</li>
</ul>

<p></p>
<b>It is used on this SparkFun product (and many, many others):</b>
<ul>
<li><a href=""https://www.sparkfun.com/products/12757"">SparkFun RedBoard - Programmed with Arduino</a> (DEV-12757)</li>
</ul>

<p></p>
<b>Also, if you need a mating power supply or connector, please check these out:</b>
<ul>
<li><a href=""https://www.sparkfun.com/products/298"">Wall Adapter Power Supply - 9VDC 650mA</a> (TOL-00298)</li>
<li><a href=""https://www.sparkfun.com/products/10287"">DC Barrel Jack Adapter - Male</a> (PRT-10287)</li>
</ul>",power_jack,"package:power_jack_slot
variant:slt","SLT
POWER_JACK
POWER_JACK_SLOT",
robotica-ifrn-sc-conectores-power_jack-.fzp,new,,,,robotica-ifrn-sc-conectores_power_jack_pth_breadboard.svg,new,,robotica-ifrn-sc-conectores_powerjack_schematic.svg,new,,robotica-ifrn-sc-conectores_power_jack_pth_pcb.svg,new,,"Here are the connectors we sell at SparkFun:","<h3>Power Jack Connector</h3>
This is the standard 5.5mm barrel jack for power.<br>
The PTH is the most common, proven, reliable, footprint.<br>
The Slot footprint only works if the mill layer is transmitted to the PCB fab house so be warned.<br>

<p></p>
<b>Here are the connectors we sell at SparkFun:</b>
<ul>
<li><a href=""https://www.sparkfun.com/products/119"">DC Barrel Power Jack/Connector</a> (PRT-00119)</li>
<li><a href=""https://www.sparkfun.com/products/12748"">DC Barrel Power Jack/Connector (SMD)</a> (PRT-12748)</li>
<li><a href=""https://www.sparkfun.com/products/10811"">DC Barrel Jack Adapter - Breadboard Compatible</a> (PRT-10811)</li>
</ul>

<p></p>
<b>It is used on this SparkFun product (and many, many others):</b>
<ul>
<li><a href=""https://www.sparkfun.com/products/12757"">SparkFun RedBoard - Programmed with Arduino</a> (DEV-12757)</li>
</ul>

<p></p>
<b>Also, if you need a mating power supply or connector, please check these out:</b>
<ul>
<li><a href=""https://www.sparkfun.com/products/298"">Wall Adapter Power Supply - 9VDC 650mA</a> (TOL-00298)</li>
<li><a href=""https://www.sparkfun.com/products/10287"">DC Barrel Jack Adapter - Male</a> (PRT-10287)</li>
</ul>",power_jack,"package:power_jack_pth","POWER_JACK_PTH
POWER_JACK",
robotica-ifrn-sc-conectores-power_jack-pth_smd_combo.fzp,new,,,,robotica-ifrn-sc-conectores_power_jack_combo_breadboard.svg,new,,robotica-ifrn-sc-conectores_powerjack_schematic.svg,new,,robotica-ifrn-sc-conectores_power_jack_combo_pcb.svg,new,,"Here are the connectors we sell at SparkFun:","<h3>Power Jack Connector</h3>
This is the standard 5.5mm barrel jack for power.<br>
The PTH is the most common, proven, reliable, footprint.<br>
The Slot footprint only works if the mill layer is transmitted to the PCB fab house so be warned.<br>

<p></p>
<b>Here are the connectors we sell at SparkFun:</b>
<ul>
<li><a href=""https://www.sparkfun.com/products/119"">DC Barrel Power Jack/Connector</a> (PRT-00119)</li>
<li><a href=""https://www.sparkfun.com/products/12748"">DC Barrel Power Jack/Connector (SMD)</a> (PRT-12748)</li>
<li><a href=""https://www.sparkfun.com/products/10811"">DC Barrel Jack Adapter - Breadboard Compatible</a> (PRT-10811)</li>
</ul>

<p></p>
<b>It is used on this SparkFun product (and many, many others):</b>
<ul>
<li><a href=""https://www.sparkfun.com/products/12757"">SparkFun RedBoard - Programmed with Arduino</a> (DEV-12757)</li>
</ul>

<p></p>
<b>Also, if you need a mating power supply or connector, please check these out:</b>
<ul>
<li><a href=""https://www.sparkfun.com/products/298"">Wall Adapter Power Supply - 9VDC 650mA</a> (TOL-00298)</li>
<li><a href=""https://www.sparkfun.com/products/10287"">DC Barrel Jack Adapter - Male</a> (PRT-10287)</li>
</ul>",power_jack,"package:power_jack_combo
variant:pth_smd_combo","PTH_SMD_COMBO
POWER_JACK_COMBO
POWER_JACK",
robotica-ifrn-sc-conectores-power_jack-pth_lock.fzp,new,,,,robotica-ifrn-sc-conectores_power_jack_pth_lock_breadboard.svg,new,,robotica-ifrn-sc-conectores_powerjack_schematic.svg,new,,robotica-ifrn-sc-conectores_power_jack_pth_lock_pcb.svg,new,,"Here are the connectors we sell at SparkFun:","<h3>Power Jack Connector</h3>
This is the standard 5.5mm barrel jack for power.<br>
The PTH is the most common, proven, reliable, footprint.<br>
The Slot footprint only works if the mill layer is transmitted to the PCB fab house so be warned.<br>

<p></p>
<b>Here are the connectors we sell at SparkFun:</b>
<ul>
<li><a href=""https://www.sparkfun.com/products/119"">DC Barrel Power Jack/Connector</a> (PRT-00119)</li>
<li><a href=""https://www.sparkfun.com/products/12748"">DC Barrel Power Jack/Connector (SMD)</a> (PRT-12748)</li>
<li><a href=""https://www.sparkfun.com/products/10811"">DC Barrel Jack Adapter - Breadboard Compatible</a> (PRT-10811)</li>
</ul>

<p></p>
<b>It is used on this SparkFun product (and many, many others):</b>
<ul>
<li><a href=""https://www.sparkfun.com/products/12757"">SparkFun RedBoard - Programmed with Arduino</a> (DEV-12757)</li>
</ul>

<p></p>
<b>Also, if you need a mating power supply or connector, please check these out:</b>
<ul>
<li><a href=""https://www.sparkfun.com/products/298"">Wall Adapter Power Supply - 9VDC 650mA</a> (TOL-00298)</li>
<li><a href=""https://www.sparkfun.com/products/10287"">DC Barrel Jack Adapter - Male</a> (PRT-10287)</li>
</ul>",power_jack,"package:power_jack_pth_lock
variant:pth_lock","POWER_JACK_PTH_LOCK
PTH_LOCK
POWER_JACK",
robotica-ifrn-sc-conectores-power_jack-toe.fzp,new,,,,robotica-ifrn-sc-conectores_power_jack_smd_overpaste_toe_breadboard.svg,new,,robotica-ifrn-sc-conectores_powerjack_schematic.svg,new,,robotica-ifrn-sc-conectores_power_jack_smd_overpaste_toe_pcb.svg,new,,"Here are the connectors we sell at SparkFun:","<h3>Power Jack Connector</h3>
This is the standard 5.5mm barrel jack for power.<br>
The PTH is the most common, proven, reliable, footprint.<br>
The Slot footprint only works if the mill layer is transmitted to the PCB fab house so be warned.<br>

<p></p>
<b>Here are the connectors we sell at SparkFun:</b>
<ul>
<li><a href=""https://www.sparkfun.com/products/119"">DC Barrel Power Jack/Connector</a> (PRT-00119)</li>
<li><a href=""https://www.sparkfun.com/products/12748"">DC Barrel Power Jack/Connector (SMD)</a> (PRT-12748)</li>
<li><a href=""https://www.sparkfun.com/products/10811"">DC Barrel Jack Adapter - Breadboard Compatible</a> (PRT-10811)</li>
</ul>

<p></p>
<b>It is used on this SparkFun product (and many, many others):</b>
<ul>
<li><a href=""https://www.sparkfun.com/products/12757"">SparkFun RedBoard - Programmed with Arduino</a> (DEV-12757)</li>
</ul>

<p></p>
<b>Also, if you need a mating power supply or connector, please check these out:</b>
<ul>
<li><a href=""https://www.sparkfun.com/products/298"">Wall Adapter Power Supply - 9VDC 650mA</a> (TOL-00298)</li>
<li><a href=""https://www.sparkfun.com/products/10287"">DC Barrel Jack Adapter - Male</a> (PRT-10287)</li>
</ul>",power_jack,"package:power_jack_smd_overpaste_toe
variant:toe","TOE
POWER_JACK
POWER_JACK_SMD_OVERPASTE_TOE",
robotica-ifrn-sc-conectores-power_jack-pth_bread.fzp,new,,,,robotica-ifrn-sc-conectores_power_jack_pth_bread_breadboard.svg,new,,robotica-ifrn-sc-conectores_powerjack_schematic.svg,new,,robotica-ifrn-sc-conectores_power_jack_pth_bread_pcb.svg,new,,"Here are the connectors we sell at SparkFun:","<h3>Power Jack Connector</h3>
This is the standard 5.5mm barrel jack for power.<br>
The PTH is the most common, proven, reliable, footprint.<br>
The Slot footprint only works if the mill layer is transmitted to the PCB fab house so be warned.<br>

<p></p>
<b>Here are the connectors we sell at SparkFun:</b>
<ul>
<li><a href=""https://www.sparkfun.com/products/119"">DC Barrel Power Jack/Connector</a> (PRT-00119)</li>
<li><a href=""https://www.sparkfun.com/products/12748"">DC Barrel Power Jack/Connector (SMD)</a> (PRT-12748)</li>
<li><a href=""https://www.sparkfun.com/products/10811"">DC Barrel Jack Adapter - Breadboard Compatible</a> (PRT-10811)</li>
</ul>

<p></p>
<b>It is used on this SparkFun product (and many, many others):</b>
<ul>
<li><a href=""https://www.sparkfun.com/products/12757"">SparkFun RedBoard - Programmed with Arduino</a> (DEV-12757)</li>
</ul>

<p></p>
<b>Also, if you need a mating power supply or connector, please check these out:</b>
<ul>
<li><a href=""https://www.sparkfun.com/products/298"">Wall Adapter Power Supply - 9VDC 650mA</a> (TOL-00298)</li>
<li><a href=""https://www.sparkfun.com/products/10287"">DC Barrel Jack Adapter - Male</a> (PRT-10287)</li>
</ul>",power_jack,"package:power_jack_pth_bread
variant:pth_bread","PTH_BREAD
POWER_JACK_PTH_BREAD
POWER_JACK",
robotica-ifrn-sc-conectores-rj11-6-.fzp,new,,,,robotica-ifrn-sc-conectores_rj11-6_breadboard.svg,new,,robotica-ifrn-sc-conectores_conn_06_schematic.svg,new,,robotica-ifrn-sc-conectores_rj11-6_pcb.svg,new,,"Here is the connector we sell at SparkFun:","<h3>RJ11 Jack - 6 pin</h3>
Commonly found on CAT3 devices and some Microchip programmers.

<p></p>
<b>Here is the connector we sell at SparkFun:</b>
<ul>
<li><a href=""https://www.sparkfun.com/products/132"">RJ11 6-Pin Connector</a> (PRT-00132)</li>
<li><a href=""http://www.sparkfun.com/datasheets/Prototyping/Connectors/RJ11-Datasheet.pdf"">Datasheet</a>
</ul>

<p></p>
<b>It is used on this SparkFun product:</b>
<ul>
<li><a href=""https://www.sparkfun.com/products/12081"">SparkFun Weather Shield</a> (DEV-12081)</li>
<li><a href=""https://www.sparkfun.com/products/8942"">Weather Meters</a> (SEN-08942)</li>
</ul>",rj11-6,"package:rj11-6","RJ11-6",
robotica-ifrn-sc-conectores-rj45-8-.fzp,new,,,,robotica-ifrn-sc-conectores_rj45-8_breadboard.svg,new,,robotica-ifrn-sc-conectores_rj45-8_schematic.svg,new,,robotica-ifrn-sc-conectores_rj45-8_pcb.svg,new,,"Here is the connector we sell at SparkFun:","<h3>RJ45 Jack - 8 pin</h3>
Simple RJ45, 8-pin connection. Commonly used for Cat5, Cat5e, and Cat6 Ethernet cables.

<p></p>
<b>Here is the connector we sell at SparkFun:</b>
<ul>
<li><a href=""https://www.sparkfun.com/products/643"">RJ45 8-Pin Connector</a> (PRT-00643)</li>
<li><a href=""https://cdn.sparkfun.com/datasheets/Prototyping/04908.pdf"">Datasheet</a>
</ul>

<p></p>
<b>It is used on this SparkFun product:</b>
<ul>
<li><a href=""https://www.sparkfun.com/products/716"">SparkFun RJ45 Breakout</a> (BOB-00716)</li>
</ul>

<p></p>
<br></br>
Note, you may also be interested in the ""MAGJACK"" version of this. It is basically a RJ45 connector, but also has some status LEDs built into the connector housing. You can check that out in this library at the device named ""MAGJACK.dev"" and see these products online:</b>
<ul>
<li><a href=""https://www.sparkfun.com/products/8534"">RJ45 Ethernet MagJack-Compatible</a> (PRT-08534)</li>
<li><a href=""https://www.sparkfun.com/products/13021"">SparkFun RJ45 MagJack Breakout</a> (BOB-13021)</li>
</ul>",rj45-8,"package:rj45-8","RJ45-8",
robotica-ifrn-sc-conectores-usb_mini-b-_smt.fzp,new,,,,robotica-ifrn-sc-conectores_usb-minib_breadboard.svg,new,,robotica-ifrn-sc-conectores_usb-5pin_schematic.svg,new,,robotica-ifrn-sc-conectores_usb-minib_pcb.svg,new,,"USB_MINI-B","<h3>USB type Mini-B Connector</h3>
<p>Breaks out 5th pin, and includes shield pins if needed.</p>
<p>SparkFun Products:
<ul><li><a href=""https://www.sparkfun.com/products/9716”>SparkFun FTDI Basic Breakout</a></li>
<li><a href=""https://www.sparkfun.com/products/11812”>SparkFun XBee Explorer USB</a></li>
<li><a href=”https://www.sparkfun.com/products/12757”>SparkFun Redboard</a></li>
</ul></p>",usb_mini-b,"package:usb-minib
variant:_smt","USB-MINIB
_SMT
USB_MINI-B",
robotica-ifrn-sc-conectores-usb_micro-b-_male-vert.fzp,new,,,,robotica-ifrn-sc-conectores_usb_microb_vertical_breadboard.svg,new,,robotica-ifrn-sc-conectores_usb-5pin_schematic.svg,new,,robotica-ifrn-sc-conectores_usb_microb_vertical_pcb.svg,new,,"USB_MICRO-B","<h3>USB Type Micro-B Connector</h3>
<p>Male/female and PTH/SMT variants</p>
<p>SparkFun Products:
<ul><li><a href=”https://www.sparkfun.com/products/12035”>SparkFun microB USB Breakout</a></li>
<li><a href=”https://www.sparkfun.com/products/10031”>SparkFun USB microB Plug Breakout</a></li>
<li><a href=”https://www.sparkfun.com/products/13231”>SparkFun ESP8266 Thing</a></li>
</ul></p>",usb_micro-b,"package:usb_microb_vertical
variant:_male-vert","_MALE-VERT
USB_MICRO-B
USB_MICROB_VERTICAL",
robotica-ifrn-sc-conectores-usb_micro-b-_female-smt.fzp,new,,,,robotica-ifrn-sc-conectores_usb-b-micro-smd_breadboard.svg,new,,robotica-ifrn-sc-conectores_usb-5pin_schematic.svg,new,,robotica-ifrn-sc-conectores_usb-b-micro-smd_pcb.svg,new,,"USB_MICRO-B","<h3>USB Type Micro-B Connector</h3>
<p>Male/female and PTH/SMT variants</p>
<p>SparkFun Products:
<ul><li><a href=”https://www.sparkfun.com/products/12035”>SparkFun microB USB Breakout</a></li>
<li><a href=”https://www.sparkfun.com/products/10031”>SparkFun USB microB Plug Breakout</a></li>
<li><a href=”https://www.sparkfun.com/products/13231”>SparkFun ESP8266 Thing</a></li>
</ul></p>",usb_micro-b,"package:usb-b-micro-smd
variant:_female-smt","USB_MICRO-B
USB-B-MICRO-SMD
_FEMALE-SMT",
robotica-ifrn-sc-conectores-usb_micro-b-_smt.fzp,new,,,,robotica-ifrn-sc-conectores_usb-microb_breadboard.svg,new,,robotica-ifrn-sc-conectores_usb-5pin_schematic.svg,new,,robotica-ifrn-sc-conectores_usb-microb_pcb.svg,new,,"USB_MICRO-B","<h3>USB Type Micro-B Connector</h3>
<p>Male/female and PTH/SMT variants</p>
<p>SparkFun Products:
<ul><li><a href=”https://www.sparkfun.com/products/12035”>SparkFun microB USB Breakout</a></li>
<li><a href=”https://www.sparkfun.com/products/10031”>SparkFun USB microB Plug Breakout</a></li>
<li><a href=”https://www.sparkfun.com/products/13231”>SparkFun ESP8266 Thing</a></li>
</ul></p>",usb_micro-b,"package:usb-microb
variant:_smt","USB_MICRO-B
_SMT
USB-MICROB",
robotica-ifrn-sc-conectores-usb_micro-b-reduced_paste.fzp,new,,,,robotica-ifrn-sc-conectores_usb-b-micro-smd_red_paste_breadboard.svg,new,,robotica-ifrn-sc-conectores_usb-5pin_schematic.svg,new,,robotica-ifrn-sc-conectores_usb-b-micro-smd_red_paste_pcb.svg,new,,"USB_MICRO-B","<h3>USB Type Micro-B Connector</h3>
<p>Male/female and PTH/SMT variants</p>
<p>SparkFun Products:
<ul><li><a href=”https://www.sparkfun.com/products/12035”>SparkFun microB USB Breakout</a></li>
<li><a href=”https://www.sparkfun.com/products/10031”>SparkFun USB microB Plug Breakout</a></li>
<li><a href=”https://www.sparkfun.com/products/13231”>SparkFun ESP8266 Thing</a></li>
</ul></p>",usb_micro-b,"package:usb-b-micro-smd_red_paste
variant:reduced_paste","REDUCED_PASTE
USB_MICRO-B
USB-B-MICRO-SMD_RED_PASTE",
robotica-ifrn-sc-conectores-usb_micro-b-_half_pth.fzp,new,,,,robotica-ifrn-sc-conectores_usb-microb-pth_breadboard.svg,new,,robotica-ifrn-sc-conectores_usb-5pin_schematic.svg,new,,robotica-ifrn-sc-conectores_usb-microb-pth_pcb.svg,new,,"USB_MICRO-B","<h3>USB Type Micro-B Connector</h3>
<p>Male/female and PTH/SMT variants</p>
<p>SparkFun Products:
<ul><li><a href=”https://www.sparkfun.com/products/12035”>SparkFun microB USB Breakout</a></li>
<li><a href=”https://www.sparkfun.com/products/10031”>SparkFun USB microB Plug Breakout</a></li>
<li><a href=”https://www.sparkfun.com/products/13231”>SparkFun ESP8266 Thing</a></li>
</ul></p>",usb_micro-b,"package:usb-microb-pth
variant:_half_pth","USB-MICROB-PTH
_HALF_PTH
USB_MICRO-B",
robotica-ifrn-sc-conectores-rca-.fzp,new,,,,robotica-ifrn-sc-conectores_rca_breadboard.svg,new,,robotica-ifrn-sc-conectores_rca_schematic.svg,new,,robotica-ifrn-sc-conectores_rca_pcb.svg,new,,"Here is the connector we sell at SparkFun:","<h3>RCA Jack connector</h3>
This is a right angle RCA jack connecotr. Commonly used for video or audio.

<p></p>
<b>Here is the connector we sell at SparkFun:</b>
<ul>
<li><a href=""https://www.sparkfun.com/products/8631"">RCA Jack</a> (PRT-08631)</li>
<li><a href=""http://www.sparkfun.com/datasheets/Prototyping/Connectors/RCA-Jack.pdf"">Datasheet</a>
</ul>

<p></p>
<b>It is not used on any active designs, however it was used on a couple retired products:</b>
<ul>
<li><a href=""https://www.sparkfun.com/products/8826"">RCA Jack Breakout [RETIRED]</a> (PRT-08826)</li>
<li><a href=""https://www.sparkfun.com/products/9168"">SparkFun On Screen Display Breakout - MAX7456 [RETIRED]</a> (BOB-09168)</li>
</ul>

<p></p>
<b>You may also be interested in a cable:</b>
<ul>
<li><a href=""https://www.sparkfun.com/products/11573"">RCA Video Cable - 6'</a> (CAB-11573)</li>
</ul>",rca,"package:rca","RCA",
robotica-ifrn-sc-conectores-rca-lock.fzp,new,,,,robotica-ifrn-sc-conectores_rca_lock_breadboard.svg,new,,robotica-ifrn-sc-conectores_rca_schematic.svg,new,,robotica-ifrn-sc-conectores_rca_lock_pcb.svg,new,,"Here is the connector we sell at SparkFun:","<h3>RCA Jack connector</h3>
This is a right angle RCA jack connecotr. Commonly used for video or audio.

<p></p>
<b>Here is the connector we sell at SparkFun:</b>
<ul>
<li><a href=""https://www.sparkfun.com/products/8631"">RCA Jack</a> (PRT-08631)</li>
<li><a href=""http://www.sparkfun.com/datasheets/Prototyping/Connectors/RCA-Jack.pdf"">Datasheet</a>
</ul>

<p></p>
<b>It is not used on any active designs, however it was used on a couple retired products:</b>
<ul>
<li><a href=""https://www.sparkfun.com/products/8826"">RCA Jack Breakout [RETIRED]</a> (PRT-08826)</li>
<li><a href=""https://www.sparkfun.com/products/9168"">SparkFun On Screen Display Breakout - MAX7456 [RETIRED]</a> (BOB-09168)</li>
</ul>

<p></p>
<b>You may also be interested in a cable:</b>
<ul>
<li><a href=""https://www.sparkfun.com/products/11573"">RCA Video Cable - 6'</a> (CAB-11573)</li>
</ul>",rca,"package:rca_lock
variant:lock","LOCK
RCA
RCA_LOCK",
robotica-ifrn-sc-conectores-usb_ab-_smt.fzp,new,,,,robotica-ifrn-sc-conectores_usb-ab-micro-smd_breadboard.svg,new,,robotica-ifrn-sc-conectores_usb_ab_schematic.svg,new,,robotica-ifrn-sc-conectores_usb-ab-micro-smd_pcb.svg,new,,"USB_AB","<h3>USB Type AB Micro Connector</h3>
<p>OTG-compatible. 5 pins, 3 shield pins</p>
<p>SparkFun Products:
<ul><li><a href=”https://www.sparkfun.com/products/13613”>IOIO-OTG</a></li>
<li><a href=”https://www.sparkfun.com/products/13664”>SparkFun SAMD21 Mini Breakout</a></li>
</ul></p>",usb_ab,"package:usb-ab-micro-smd
variant:_smt","USB_AB
_SMT
USB-AB-MICRO-SMD",
robotica-ifrn-sc-conectores-i2c_standard-.fzp,programmatic,,,,robotica-ifrn-sc-conectores_1x04_breadboard.svg,programmatic,,robotica-ifrn-sc-conectores_i2c_standard_schematic.svg,programmatic,,robotica-ifrn-sc-conectores_1x04_pcb.svg,programmatic,,"Example SparkFun Products:","<h3>SparkFun I<sup>2</sup>C Standard Pinout Header</h3>
<p>SparkFun has standardized on a pinout for all I<sup>2</sup>C based sensor breakouts.<br>
<br>
This pinout allows I<sup>2</sup>C boards to be plugged directly into the headers on Arduino Uno compatible boards, and
to be daisy chained easily.</p>
<p><b>Example SparkFun Products:</b>
<ul><li><a href=""https://www.sparkfun.com/products/13676"">SparkFun Atmospheric Sensor Breakout - BME280</a></li>
<li><a href=”https://www.sparkfun.com/products/11084”>SparkFun Altitude/Pressure Sensor Breakout - MPL3115A2</a></li>
<li><a href=”https://www.sparkfun.com/products/12785”>SparkFun TOF Range Finder Sensor - VL6180</a></li>
</ul></p>",i2c_standard,"package:1x04","I2C_STANDARD
1X04",
robotica-ifrn-sc-conectores-i2c_standard-_no_silk.fzp,programmatic,,,,robotica-ifrn-sc-conectores_1x04_no_silk_breadboard.svg,programmatic,,robotica-ifrn-sc-conectores_i2c_standard_schematic.svg,programmatic,,robotica-ifrn-sc-conectores_1x04_no_silk_pcb.svg,programmatic,,"Example SparkFun Products:","<h3>SparkFun I<sup>2</sup>C Standard Pinout Header</h3>
<p>SparkFun has standardized on a pinout for all I<sup>2</sup>C based sensor breakouts.<br>
<br>
This pinout allows I<sup>2</sup>C boards to be plugged directly into the headers on Arduino Uno compatible boards, and
to be daisy chained easily.</p>
<p><b>Example SparkFun Products:</b>
<ul><li><a href=""https://www.sparkfun.com/products/13676"">SparkFun Atmospheric Sensor Breakout - BME280</a></li>
<li><a href=”https://www.sparkfun.com/products/11084”>SparkFun Altitude/Pressure Sensor Breakout - MPL3115A2</a></li>
<li><a href=”https://www.sparkfun.com/products/12785”>SparkFun TOF Range Finder Sensor - VL6180</a></li>
</ul></p>",i2c_standard,"package:1x04_no_silk
variant:_no_silk","_NO_SILK
I2C_STANDARD
1X04_NO_SILK",
robotica-ifrn-sc-conectores-battery_conn-_deans.fzp,new,,,,robotica-ifrn-sc-conectores_deans_breadboard.svg,new,,robotica-ifrn-sc-conectores_battery_conn_schematic.svg,new,,robotica-ifrn-sc-conectores_deans_pcb.svg,new,,"BATTERY_CONN","<h3>Battery Connectors</h3>
<p>Various footprints for battery connections</p>",battery_conn,"package:deans
variant:_deans","DEANS
_DEANS
BATTERY_CONN",
robotica-ifrn-sc-conectores-battery_conn-.fzp,new,,,,robotica-ifrn-sc-conectores_xt60_breadboard.svg,new,,robotica-ifrn-sc-conectores_battery_conn_schematic.svg,new,,robotica-ifrn-sc-conectores_xt60_pcb.svg,new,,"BATTERY_CONN","<h3>Battery Connectors</h3>
<p>Various footprints for battery connections</p>",battery_conn,"package:xt60","XT60
BATTERY_CONN",
robotica-ifrn-sc-conectores-usb_a-_pth_male.fzp,new,,,,robotica-ifrn-sc-conectores_usb-a-h_breadboard.svg,new,,robotica-ifrn-sc-conectores_usb_schematic.svg,new,,robotica-ifrn-sc-conectores_usb-a-h_pcb.svg,new,,"USB_A","<h3>USB-A Connector</h3>
<p>Male and female variants, as well as PTH and SMT variants</p>
<p>SparkFun Products:
<ul><li><a href=”https://www.sparkfun.com/products/11697”>SparkFun XBee Explorer Dongle</a> PTH Male</li>
<li><a href=”https://www.sparkfun.com/products/12924”>SparkFun MicroView-USB Programmer</a> SMT Male</li>
<li><a href=”https://www.sparkfun.com/products/12700”>SparkFun USB Type A Female Breakout</a> SMT Female</li>
</ul></p>",usb_a,"package:usb-a-h
variant:_pth_male","USB_A
USB-A-H
_PTH_MALE",
robotica-ifrn-sc-conectores-usb_a-_smt_female_ns.fzp,new,,,,robotica-ifrn-sc-conectores_usb-a-s-nosilk-female_breadboard.svg,new,,robotica-ifrn-sc-conectores_usb_schematic.svg,new,,robotica-ifrn-sc-conectores_usb-a-s-nosilk-female_pcb.svg,new,,"USB_A","<h3>USB-A Connector</h3>
<p>Male and female variants, as well as PTH and SMT variants</p>
<p>SparkFun Products:
<ul><li><a href=”https://www.sparkfun.com/products/11697”>SparkFun XBee Explorer Dongle</a> PTH Male</li>
<li><a href=”https://www.sparkfun.com/products/12924”>SparkFun MicroView-USB Programmer</a> SMT Male</li>
<li><a href=”https://www.sparkfun.com/products/12700”>SparkFun USB Type A Female Breakout</a> SMT Female</li>
</ul></p>",usb_a,"package:usb-a-s-nosilk-female
variant:_smt_female_ns","_SMT_FEMALE_NS
USB_A
USB-A-S-NOSILK-FEMALE",
robotica-ifrn-sc-conectores-usb_a-_smt_male.fzp,new,,,,robotica-ifrn-sc-conectores_usb-a-smt-male_breadboard.svg,new,,robotica-ifrn-sc-conectores_usb_schematic.svg,new,,robotica-ifrn-sc-conectores_usb-a-smt-male_pcb.svg,new,,"USB_A","<h3>USB-A Connector</h3>
<p>Male and female variants, as well as PTH and SMT variants</p>
<p>SparkFun Products:
<ul><li><a href=”https://www.sparkfun.com/products/11697”>SparkFun XBee Explorer Dongle</a> PTH Male</li>
<li><a href=”https://www.sparkfun.com/products/12924”>SparkFun MicroView-USB Programmer</a> SMT Male</li>
<li><a href=”https://www.sparkfun.com/products/12700”>SparkFun USB Type A Female Breakout</a> SMT Female</li>
</ul></p>",usb_a,"package:usb-a-smt-male
variant:_smt_male","USB-A-SMT-MALE
_SMT_MALE
USB_A",
robotica-ifrn-sc-conectores-usb_a-_smt_female.fzp,new,,,,robotica-ifrn-sc-conectores_usb-a-s-silk-female_breadboard.svg,new,,robotica-ifrn-sc-conectores_usb_schematic.svg,new,,robotica-ifrn-sc-conectores_usb-a-s-silk-female_pcb.svg,new,,"USB_A","<h3>USB-A Connector</h3>
<p>Male and female variants, as well as PTH and SMT variants</p>
<p>SparkFun Products:
<ul><li><a href=”https://www.sparkfun.com/products/11697”>SparkFun XBee Explorer Dongle</a> PTH Male</li>
<li><a href=”https://www.sparkfun.com/products/12924”>SparkFun MicroView-USB Programmer</a> SMT Male</li>
<li><a href=”https://www.sparkfun.com/products/12700”>SparkFun USB Type A Female Breakout</a> SMT Female</li>
</ul></p>",usb_a,"package:usb-a-s-silk-female
variant:_smt_female","_SMT_FEMALE
USB_A
USB-A-S-SILK-FEMALE",
robotica-ifrn-sc-conectores-usb_b-_pth.fzp,new,,,,robotica-ifrn-sc-conectores_usb-b-pth_breadboard.svg,new,,robotica-ifrn-sc-conectores_usb_schematic.svg,new,,robotica-ifrn-sc-conectores_usb-b-pth_pcb.svg,new,,"USB_B","<h3>USB Type B Connector</h3>
<p></p>
<p>SparkFun Products:
<ul><li><a href=”https://www.sparkfun.com/products/13899”>SparkFun Stepoko</a> PTH</li>
</ul></p>",usb_b,"package:usb-b-pth
variant:_pth","USB-B-PTH
USB_B
_PTH",
robotica-ifrn-sc-conectores-raspberrypi-40-pin-gpio-_pth.fzp,programmatic,,,,robotica-ifrn-sc-conectores_2x20_shrouded_breadboard.svg,programmatic,,robotica-ifrn-sc-conectores_raspberrypi_40_pin_gpio_schematic.svg,programmatic,,robotica-ifrn-sc-conectores_2x20_shrouded_pcb.svg,programmatic,,"SparkFun Products:","<h3>Raspberry Pi GPIO Header</h3>
<p>2x20 pin connector, as found on B, B+, A+ models. Both shrouded PTH and SMT versions available.</p>
<p><b>SparkFun Products:</b>
<ul><li><a href=”https://www.sparkfun.com/products/13054”>GPIO Shrouded Header</a>- PTH</li>
<li><a href=”https://www.sparkfun.com/products/13717”>SparkFun Pi Wedge (Preassembled)</a></li>
</ul></p>",raspberrypi-40-pin-gpio,"package:2x20_shrouded
variant:_pth","2X20_SHROUDED
_PTH
RASPBERRYPI-40-PIN-GPIO",
robotica-ifrn-sc-conectores-raspberrypi-40-pin-gpio-_smt.fzp,programmatic,,,,robotica-ifrn-sc-conectores_2x20_shrouded_smt_breadboard.svg,programmatic,,robotica-ifrn-sc-conectores_raspberrypi_40_pin_gpio_schematic.svg,programmatic,,robotica-ifrn-sc-conectores_2x20_shrouded_smt_pcb.svg,programmatic,,"SparkFun Products:","<h3>Raspberry Pi GPIO Header</h3>
<p>2x20 pin connector, as found on B, B+, A+ models. Both shrouded PTH and SMT versions available.</p>
<p><b>SparkFun Products:</b>
<ul><li><a href=”https://www.sparkfun.com/products/13054”>GPIO Shrouded Header</a>- PTH</li>
<li><a href=”https://www.sparkfun.com/products/13717”>SparkFun Pi Wedge (Preassembled)</a></li>
</ul></p>",raspberrypi-40-pin-gpio,"package:2x20_shrouded_smt
variant:_smt","2X20_SHROUDED_SMT
_SMT
RASPBERRYPI-40-PIN-GPIO",
robotica-ifrn-sc-conectores-raspberrypi-40-pin-gpio-_pth_no_shroud.fzp,programmatic,,,,robotica-ifrn-sc-conectores_2x20_breadboard.svg,programmatic,,robotica-ifrn-sc-conectores_raspberrypi_40_pin_gpio_schematic.svg,programmatic,,robotica-ifrn-sc-conectores_2x20_pcb.svg,programmatic,,"SparkFun Products:","<h3>Raspberry Pi GPIO Header</h3>
<p>2x20 pin connector, as found on B, B+, A+ models. Both shrouded PTH and SMT versions available.</p>
<p><b>SparkFun Products:</b>
<ul><li><a href=”https://www.sparkfun.com/products/13054”>GPIO Shrouded Header</a>- PTH</li>
<li><a href=”https://www.sparkfun.com/products/13717”>SparkFun Pi Wedge (Preassembled)</a></li>
</ul></p>",raspberrypi-40-pin-gpio,"package:2x20
variant:_pth_no_shroud","2X20
_PTH_NO_SHROUD
RASPBERRYPI-40-PIN-GPIO",
robotica-ifrn-sc-conectores-conn_02-05-7028.fzp,new,,,,robotica-ifrn-sc-conectores_7395-02_breadboard.svg,new,,robotica-ifrn-sc-conectores_mv_mix_0_schematic.svg,new,,robotica-ifrn-sc-conectores_7395-02_pcb.svg,new,,"CONNECTOR","<b>CONNECTOR</b><p>
wire to board 2.54 mm (.1 inch) pitch header",conn_02,"package:7395-02
variant:05-7028","7395-02
05-7028
CONN_02",
robotica-ifrn-sc-conectores-conn_02-27-2021.fzp,new,,,,robotica-ifrn-sc-conectores_6410-02_breadboard.svg,new,,robotica-ifrn-sc-conectores_mv_mix_0_schematic.svg,new,,robotica-ifrn-sc-conectores_6410-02_pcb.svg,new,,"CONNECTOR","<b>CONNECTOR</b><p>
wire to board 2.54 mm (.1 inch) pitch header",conn_02,"package:6410-02
variant:27-2021","6410-02
27-2021
CONN_02",
robotica-ifrn-sc-conectores-conn_03-05-7038.fzp,new,,,,robotica-ifrn-sc-conectores_7395-03_breadboard.svg,new,,robotica-ifrn-sc-conectores_mv_mix_1_schematic.svg,new,,robotica-ifrn-sc-conectores_7395-03_pcb.svg,new,,"CONNECTOR","<b>CONNECTOR</b><p>
wire to board 2.54 mm (.1 inch) pitch header",conn_03,"package:7395-03
variant:05-7038","7395-03
05-7038
CONN_03",
robotica-ifrn-sc-conectores-conn_03-27-2031.fzp,new,,,,robotica-ifrn-sc-conectores_6410-03_breadboard.svg,new,,robotica-ifrn-sc-conectores_mv_mix_1_schematic.svg,new,,robotica-ifrn-sc-conectores_6410-03_pcb.svg,new,,"CONNECTOR","<b>CONNECTOR</b><p>
wire to board 2.54 mm (.1 inch) pitch header",conn_03,"package:6410-03
variant:27-2031","6410-03
27-2031
CONN_03",
robotica-ifrn-sc-conectores-conn_04-05-7048.fzp,new,,,,robotica-ifrn-sc-conectores_7395-04_breadboard.svg,new,,robotica-ifrn-sc-conectores_mv_mix_2_schematic.svg,new,,robotica-ifrn-sc-conectores_7395-04_pcb.svg,new,,"CONNECTOR","<b>CONNECTOR</b><p>
wire to board 2.54 mm (.1 inch) pitch header",conn_04,"package:7395-04
variant:05-7048","7395-04
05-7048
CONN_04",
robotica-ifrn-sc-conectores-conn_04-27-2041.fzp,new,,,,robotica-ifrn-sc-conectores_6410-04_breadboard.svg,new,,robotica-ifrn-sc-conectores_mv_mix_2_schematic.svg,new,,robotica-ifrn-sc-conectores_6410-04_pcb.svg,new,,"CONNECTOR","<b>CONNECTOR</b><p>
wire to board 2.54 mm (.1 inch) pitch header",conn_04,"package:6410-04
variant:27-2041","6410-04
27-2041
CONN_04",
robotica-ifrn-sc-conectores-conn_05-05-7058.fzp,new,,,,robotica-ifrn-sc-conectores_7395-05_breadboard.svg,new,,robotica-ifrn-sc-conectores_mv_mix_3_schematic.svg,new,,robotica-ifrn-sc-conectores_7395-05_pcb.svg,new,,"CONNECTOR","<b>CONNECTOR</b><p>
wire to board 2.54 mm (.1 inch) pitch header",conn_05,"package:7395-05
variant:05-7058","7395-05
05-7058
CONN_05",
robotica-ifrn-sc-conectores-conn_05-27-2051.fzp,new,,,,robotica-ifrn-sc-conectores_6410-05_breadboard.svg,new,,robotica-ifrn-sc-conectores_mv_mix_3_schematic.svg,new,,robotica-ifrn-sc-conectores_6410-05_pcb.svg,new,,"CONNECTOR","<b>CONNECTOR</b><p>
wire to board 2.54 mm (.1 inch) pitch header",conn_05,"package:6410-05
variant:27-2051","6410-05
27-2051
CONN_05",
robotica-ifrn-sc-conectores-conn_06-05-7068.fzp,new,,,,robotica-ifrn-sc-conectores_7395-06_breadboard.svg,new,,robotica-ifrn-sc-conectores_mv_mix_4_schematic.svg,new,,robotica-ifrn-sc-conectores_7395-06_pcb.svg,new,,"CONNECTOR","<b>CONNECTOR</b><p>
wire to board 2.54 mm (.1 inch) pitch header",conn_06,"package:7395-06
variant:05-7068","CONN_06
7395-06
05-7068",
robotica-ifrn-sc-conectores-conn_06-27-2061.fzp,new,,,,robotica-ifrn-sc-conectores_6410-06_breadboard.svg,new,,robotica-ifrn-sc-conectores_mv_mix_4_schematic.svg,new,,robotica-ifrn-sc-conectores_6410-06_pcb.svg,new,,"CONNECTOR","<b>CONNECTOR</b><p>
wire to board 2.54 mm (.1 inch) pitch header",conn_06,"package:6410-06
variant:27-2061","CONN_06
6410-06
27-2061",
robotica-ifrn-sc-conectores-conn_07-05-7078.fzp,new,,,,robotica-ifrn-sc-conectores_7395-07_breadboard.svg,new,,robotica-ifrn-sc-conectores_mv_mix_5_schematic.svg,new,,robotica-ifrn-sc-conectores_7395-07_pcb.svg,new,,"CONNECTOR","<b>CONNECTOR</b><p>
wire to board 2.54 mm (.1 inch) pitch header",conn_07,"package:7395-07
variant:05-7078","05-7078
CONN_07
7395-07",
robotica-ifrn-sc-conectores-conn_07-27-2071.fzp,new,,,,robotica-ifrn-sc-conectores_6410-07_breadboard.svg,new,,robotica-ifrn-sc-conectores_mv_mix_5_schematic.svg,new,,robotica-ifrn-sc-conectores_6410-07_pcb.svg,new,,"CONNECTOR","<b>CONNECTOR</b><p>
wire to board 2.54 mm (.1 inch) pitch header",conn_07,"package:6410-07
variant:27-2071","CONN_07
6410-07
27-2071",
robotica-ifrn-sc-conectores-conn_08-05-7088.fzp,new,,,,robotica-ifrn-sc-conectores_7395-08_breadboard.svg,new,,robotica-ifrn-sc-conectores_mv_mix_6_schematic.svg,new,,robotica-ifrn-sc-conectores_7395-08_pcb.svg,new,,"CONNECTOR","<b>CONNECTOR</b><p>
wire to board 2.54 mm (.1 inch) pitch header",conn_08,"package:7395-08
variant:05-7088","05-7088
CONN_08
7395-08",
robotica-ifrn-sc-conectores-conn_08-27-2081.fzp,new,,,,robotica-ifrn-sc-conectores_6410-08_breadboard.svg,new,,robotica-ifrn-sc-conectores_mv_mix_6_schematic.svg,new,,robotica-ifrn-sc-conectores_6410-08_pcb.svg,new,,"CONNECTOR","<b>CONNECTOR</b><p>
wire to board 2.54 mm (.1 inch) pitch header",conn_08,"package:6410-08
variant:27-2081","CONN_08
6410-08
27-2081",
robotica-ifrn-sc-conectores-conn_09-05-7098.fzp,new,,,,robotica-ifrn-sc-conectores_7395-09_breadboard.svg,new,,robotica-ifrn-sc-conectores_mv_mix_7_schematic.svg,new,,robotica-ifrn-sc-conectores_7395-09_pcb.svg,new,,"CONNECTOR","<b>CONNECTOR</b><p>
wire to board 2.54 mm (.1 inch) pitch header",conn_09,"package:7395-09
variant:05-7098","05-7098
CONN_09
7395-09",
robotica-ifrn-sc-conectores-conn_09-27-2091.fzp,new,,,,robotica-ifrn-sc-conectores_6410-09_breadboard.svg,new,,robotica-ifrn-sc-conectores_mv_mix_7_schematic.svg,new,,robotica-ifrn-sc-conectores_6410-09_pcb.svg,new,,"CONNECTOR","<b>CONNECTOR</b><p>
wire to board 2.54 mm (.1 inch) pitch header",conn_09,"package:6410-09
variant:27-2091","27-2091
CONN_09
6410-09",
robotica-ifrn-sc-conectores-conn_10-05-7108.fzp,new,,,,robotica-ifrn-sc-conectores_7395-10_breadboard.svg,new,,robotica-ifrn-sc-conectores_mv_mix_8_schematic.svg,new,,robotica-ifrn-sc-conectores_7395-10_pcb.svg,new,,"CONNECTOR","<b>CONNECTOR</b><p>
wire to board 2.54 mm (.1 inch) pitch header",conn_10,"package:7395-10
variant:05-7108","7395-10
05-7108
CONN_10",
robotica-ifrn-sc-conectores-conn_10-27-2101.fzp,new,,,,robotica-ifrn-sc-conectores_6410-10_breadboard.svg,new,,robotica-ifrn-sc-conectores_mv_mix_8_schematic.svg,new,,robotica-ifrn-sc-conectores_6410-10_pcb.svg,new,,"CONNECTOR","<b>CONNECTOR</b><p>
wire to board 2.54 mm (.1 inch) pitch header",conn_10,"package:6410-10
variant:27-2101","6410-10
27-2101
CONN_10",
robotica-ifrn-sc-conectores-dc-dc-step-down-lm2596-.fzp,new,,,,robotica-ifrn-sc-conectores_dc-dc-step-down-lm2596_breadboard.svg,new,,robotica-ifrn-sc-conectores_dc-dc-step-down-lm2596_schematic.svg,new,,robotica-ifrn-sc-conectores_dc-dc-step-down-lm2596_pcb.svg,new,,"DC_DC Step-Down Regulator","<b>DC/DC Step-Down Regulator</b> based on <b>LM2596-ADJ</b> chip",dc-dc-step-down-lm2596,"package:dc-dc-step-down-lm2596","DC-DC-STEP-DOWN-LM2596",
